Department (English),Department (Bangla),Doctor Name (English),Doctor Name (Bangla),Qualifications (English),Qualifications (Bangla),Specialty / Expertise (English),Specialty / Expertise (Bangla),Chamber / Affiliation (English),Chamber / Affiliation (Bangla),Visiting Room,Visiting Hours (English),Visiting Hours (Bangla),Consultation Fee (BDT),Online Telehealth Available,Average Consultation Duration,Patient Rating / Reviews,Search Keywords (English & Symptoms/Diseases),Search Keywords (Bangla & Symptoms/Diseases)
Orthopedics Department,অর্থোপেডিক বিভাগ,Prof. Dr. Md. Moniruzzaman (Shaheen),অধ্যাপক ডাঃ মোঃ মনিরুজ্জামান (শাহিন),"MBBS (Dhaka), D-Ortho, M.S (Ortho)","এমবিবিএস (ঢাকা), ডি-অর্থো, এম.এস (অর্থো)","Bone Joint, Rheumatism & Injury Specialist","হাড়জোড়া, বাত-ব্যথা ও আঘাত জনিত রোগ বিশেষজ্ঞ","Former Professor & Head of Department, Orthopedics Dept., Patuakhali Medical College & Hospital.","প্রাক্তন অধ্যাপক ও বিভাগীয় প্রধান, অর্থোপেডিক বিভাগ, পটুয়াখালী মেডিকেল কলেজ ও হাসপাতাল।",Room No-101,3:00 PM - 6:00 PM (Closed Friday),দুপুর ৩:০০টা থেকে সন্ধ্যা ৬:০০টা (শুক্রবার বন্ধ),1000,No,15 mins,4.9 / 5,"bone pain, joint pain, fracture, injury, arthritis, back pain, orthopedics","হাড়ের ব্যথা, জোড়ার ব্যথা, বাত, আঘাত, হাড় ভাঙা, ব্যাক পেইন"
Orthopedics Department,অর্থোপেডিক বিভাগ,Dr. Md. Amirul Islam,ডাঃ মো: আমীরুল ইসলাম,"MBBS, BCS (Health), MS (Ortho)","এমবিবিএস, বিসিএস (স্বাস্থ্য), এমএস (অর্থো)","Rheumatism, Bone Joint Specialist & Surgeon","বাত-ব্যথা, হাড় জোড়া রোগ বিশেষজ্ঞ ও সার্জন","Associate Professor, Orthopedics Dept., Sher-e-Bangla Medical College & Hospital, Barisal.","সহযোগী অধ্যাপক, অর্থোপেডিক বিভাগ, শের-ই-বাংলা মেডিকেল কলেজ ও হাসপাতাল, বরিশাল।",Room No-504,5:00 PM - 10:00 PM (Closed Friday),বিকাল ৫:০০টা থেকে রাত ১০:০০টা (শুক্রবার বন্ধ),1000,No,15 mins,4.8 / 5,"bone pain, joint pain, arthritis, surgery, orthopedics, knee pain","হাড়ের ব্যথা, জোড়ার ব্যথা, বাত, সার্জারি, হাঁটু ব্যথা"
Kidney (Nephrology) Department,কিডনি বিভাগ,Dr. Md. Hafezur Rahman,ডাঃ মুঃ হাফীজুর রহমান,"MBBS, BCS (Health), MD (Nephrology)","এমবিবিএস, বিসিএস (স্বাস্থ্য), এমডি (নেফ্রোলোজী)",Medicine & Kidney Disease Specialist,মেডিসিন ও কিডনি রোগ বিশেষজ্ঞ,"Assistant Professor (Nephrology), Sher-e-Bangla Medical College Hospital / Ex-Nephrologist, National Institute of Kidney Diseases and Urology, Dhaka","সহকারী অধ্যাপক (নেফ্রোলোজী), শের-ই-বাংলা মেডিকেল কলেজ হাসপাতাল / এক্স নেফ্রোলোজিস্ট, ন্যাশনাল ইনস্টিটিউট অব কিডনি ডিজিজেস এন্ড ইউরোলোজী, ঢাকা",Room No-513,2:30 PM - 6:00 PM (Closed Wednesday & Friday),দুপুর ২:৩০টা থেকে সন্ধ্যা ৬:০০টা (বুধ ও শুক্রবার বন্ধ),1000,No,15 mins,4.9 / 5,"kidney disease, dialysis, urine problem, swelling, medicine, nephrology","কিডনি রোগ, ডায়ালিসিস, প্রস্রাবে সমস্যা, শরীর ফোলা, মেডিসিন"
Kidney (Nephrology) Department,কিডনি বিভাগ,Dr. Manabendra Das,ডাঃ মানবেন্দ্র দাস,"MBBS, MD (Nephrology) BSMMU","এমবিবিএস, এমডি (নেফ্রোলজি) বিএসএমএমইউ",Medicine & Kidney Disease Specialist,মেডিসিন ও কিডনি রোগ বিশেষজ্ঞ,"Resident Physician (Medicine), Sher-e-Bangla Medical College & Hospital, Barisal.","আবাসিক চিকিৎসক (মেডিসিন), শের-ই-বাংলা মেডিকেল কলেজ ও হাসপাতাল, বরিশাল।",Room No-213,"2:00 PM - 3:00 PM (Closed Sunday, Monday, Tuesday & Friday)","দুপুর ২:০০টা থেকে বিকাল ৩:০০টা (রবিবার, সোমবার, মঙ্গলবার ও শুক্রবার বন্ধ)",800,No,15 mins,4.7 / 5,"kidney disease, medicine, urine infection, nephrology","কিডনি রোগ, মেডিসিন, প্রস্রাবের ইনফেকশন"
Dermatology & Venereology Department,চর্ম ও যৌন বিভাগ,Dr. Md. Harun-Or-Rashid,ডাঃ মোঃ হারুন-অর-রশিদ,"MBBS (Dhaka), BCS (FP), DDV (Dhaka)","এমবিবিএস, (ঢাকা), বিসিএস (পঃ পঃ), ডিডিভি (ঢাকা)",Skin & VD Specialist,চর্ম ও যৌন রোগ বিশেষজ্ঞ,"Assistant Director (Retd.), Barisal.","সহকারী পরিচালক (অবঃ), বরিশাল।",Room No-404,"11:00 AM - 1:00 PM, 5:00 PM - 7:00 PM (Closed Friday)","সকাল ১১:০০টা থেকে দুপুর ১:০০টা, বিকাল ৫:০০টা থেকে সন্ধ্যা ৭:০০টা (শুক্রবার বন্ধ)",800,No,15 mins,4.8 / 5,"skin disease, allergy, acne, hair fall, itching, sexually transmitted disease, dermatology","চর্মরোগ, ত্বক সমস্যা, এলার্জি, ব্রণ, চুল পড়া, চুলকানি, যৌন রোগ"
Nutrition Department,নিউট্রিশন বিভাগ,Dr. Jannatul Naim,ডাঃ জান্নাতুন নাঈম,"MBBS (DU), PGT (Skin & VD), MPH, MSc (Nutrition and Food Science)","এমবিবিএস (ডিইউ), পিজিটি (চর্ম ও যৌন), এমপিএইচ, এমপিএসসি (নিউট্রিশন এন্ড ফুড সায়েন্স)",Nutrition and Food Science Specialist,নিউট্রিশন এন্ড ফুড সায়েন্স বিশেষজ্ঞ,"Lecturer, South Apollo Medical College, Barisal.","প্রভাষক, সাউথ এ্যাপোলো মেডিকেল কলেজ, বরিশাল।",Room No-513,Saturday to Thursday 5:00 PM - 8:00 PM (Closed Friday),"শনি থেকে বৃহস্পতিবার বিকাল ৫টা থেকে রাত ৮টা, শুক্রবার বন্ধ",800,Yes,20 mins,4.7 / 5,"diet, weight loss, nutrition, food, obesity, healthy eating","ডায়েট, ওজন কমানো, পুষ্টি, খাবার, স্থূলতা, স্বাস্থ্যকর খাদ্য"
Urology Surgery Department,ইউরোলজি সার্জারী বিভাগ,Dr. Mohammad Shah Alam,ডাঃ মোহাম্মদ শাহ্ আলম,"MBBS (Dhaka), BCS (Health), MS (Urology)","এম.বি.বি.এস (ঢাকা), বি.সি.এস (স্বাস্থ্য), এমএস (ইউরোলোজি)","Kidney, Ureter, Urinary Bladder, Prostate, Male Sexual Disease Specialist & Surgeon","কিডনী, মূত্রনালী, মূত্রথলি, প্রোস্টেট, পুরুষাঙ্গ যৌন রোগ বিশেষজ্ঞ ও সার্জন","Resident Surgeon & Consultant, Urology, Sher-e-Bangla Medical College & Hospital, Barisal.","আবাসিক সার্জন ও কনসালটেন্ট, ইউরোলজি, শের-ই-বাংলা মেডিকেল কলেজ ও হাসপাতাল, বরিশাল।",Room No-503,6:30 PM - 8:30 PM (Closed Thursday & Friday),সন্ধ্যা ৬:৩০টা থেকে রাত ৮:৩০টা (বৃহস্পতি ও শুক্রবার বন্ধ),1000,No,15 mins,4.9 / 5,"urology, stone, prostate, urinary tract infection, male sexual health, surgery","ইউরোলজি, কিডনিতে পাথর, প্রস্টেট, প্রস্রাবের ইনফেকশন, পুরুষদের রোগ, সার্জারি"
Urology Surgery Department,ইউরোলজি সার্জারী বিভাগ,Dr. Shamsul Arefin,ডাঃ শামসুল আরেফিন,"MBBS (MSMC), BCS (Health), MS (Urology) BSMMU, FCPS (Surgery, Final)","এম.বি.বি.এস (এমএসএমসি), বি.সি.এস (স্বাস্থ্য), এমএস (ইউরোলোজি) বিএসএমএমইউ, এফসিপিএস (সার্জারী, ফাইনাল)","Kidney, Ureter, Urinary Bladder, Prostate Gland, Male Reproductive System & Infertility Specialist","কিডনী, মুত্রনালী, মুত্রথলি, প্রোস্টেট গ্লান্ড, পুরুষ প্রজননতন্ত্র ও ইনফার্টেলিটি বিশেষজ্ঞ","General Laparoscopic & Urological Surgeon, Shaheed Suhrawardy Medical College Hospital, Dhaka.","জেনারেল ল্যাপারোস্কোপিক ও ইউরোলজিক্যাল সার্জন, শহীদ সোহরাওয়ার্দী মেডিকেল কলেজ হাসপাতাল, ঢাকা।",Room No-503,Thursday 7:00 PM - 9:00 PM & Friday 4:00 PM - 6:00 PM,প্রতি বৃহস্পতিবার সন্ধ্যা ৭:০০টা থেকে রাত ৯:০০টা ও শুক্রবার বিকাল ৪:০০টা থেকে সন্ধ্যা ৬:০০টা পর্যন্ত,1200,No,15 mins,4.8 / 5,"urology, infertility, stone, prostate, laparoscopic surgery","ইউরোলজি, বন্ধ্যাত্ব, পাথর, প্রস্টেট, ল্যাপারোস্কোপিক সার্জারি"
Urology Surgery Department,ইউরোলজি সার্জারী বিভাগ,Dr. Md. Shafiquzzaman Oppu,ডাঃ মোঃ শফিকুজ্জামান অপু,"MBBS (Mitford), BCS (Health), MS (Urology) (BMU/PG Hospital)","এমবিবিএস (মিটফোর্ড), বিসিএস (স্বাস্থ্য), এমএস (ইউরোলজি) (বিএমইউ/পিজি হাসপাতাল)","Urology, Andrology Specialist & Surgeon","ইউরোলজি, অ্যাড্রোলজি বিশেষজ্ঞ ও সার্জন","Assistant Registrar (Urology), Sher-e-Bangla Medical College Hospital, Barisal. BMDC- A748-29","সহকারী রেজিস্ট্রার (ইউরোলজি), শের-ই-বাংলা মেডিকেল কলেজ হাসপাতাল, বরিশাল। বিএমডিসি- এ৭৪৮-২৯",Room No-306,Sunday to Wednesday 2:30 PM - 6:00 PM,রবি থেকে বুধ ২.৩০টা থেকে ৬.০০টা পর্যন্ত,1000,No,15 mins,4.8 / 5,"urology, andrology, stone, prostate, male health","ইউরোলজি, অ্যান্ড্রোলজি, পাথর, প্রস্টেট, পুরুষদের স্বাস্থ্য"
"ENT (Ear, Nose & Throat) Department","নাক, কান ও গলা বিভাগ",Prof. Dr. S. M. Sarwar,অধ্যাপক ডাঃ এস.এম সারওয়ার,"MBBS, MPH, DLO","এমবিবিএস, এমপিএইচ, ডি.এল.ও","ENT, Head & Neck Disease Specialist & Surgeon","নাক-কান-গলা, ঘাড় ও মস্তক রোগ বিশেষজ্ঞ ও সার্জন","Former Professor & Head of Dept. (ENT), Sher-e-Bangla Medical College & Hospital, Barisal.","প্রাক্তন অধ্যক্ষ ও বিভাগীয় প্রধান (নাক-কান-গলা), শের-ই-বাংলা মেডিকেল কলেজ ও হাসপাতাল, বরিশাল।",Room No-305,5:00 PM - 9:00 PM (Closed Friday),বিকাল ৫:০০টা থেকে রাত ৯:০০টা (শুক্রবার বন্ধ),1000,No,15 mins,4.9 / 5,"ENT, ear pain, nose block, throat pain, hearing loss, sinusitis, tonsil","নাক, কান, গলা, কানে ব্যথা, নাক বন্ধ, গলার ব্যথা, সাইনোসাইটিস, টনসিল"
Plastic Surgery Department,প্লাস্টিক সার্জারি বিভাগ,Dr. Masrur-Ur-Rahman Abeer,ডা. মাসরুর-উর-রহমান আবীর,"MBBS, BCS (Health), FCPS (Plastic and Reconstructive Surgery)","এমবিবিএস, বিসিএস (স্বাস্থ্য), এফসিপিএস (প্লাস্টিক অ্যান্ড রিকনস্ট্রাকটিভ সার্জারি)","Plastic, Burn, Hand & Aesthetic Surgeon","প্লাস্টিক, বার্ন, হ্যান্ড ও অ্যাসথেটিক সার্জন","Associate Professor (Plastic Surgery), National Institute of Burn and Plastic Surgery, Dhaka","সহযোগী অধ্যাপক (প্লাস্টিক সার্জারি), ন্যাশনাল Institute of Burn and Plastic Surgery, ঢাকা",Room No-512,"1st & 3rd Thursday 5:00 PM - 9:00 PM, Friday 10:00 AM - 1:00 PM","প্রতি মাসের ১ম ও ৩য় সপ্তাহে বৃহস্পতিবার সন্ধ্যা ৫টা থেকে রাত ৯টা, শুক্রবার সকাল ১০টা থেকে দুপুর ১টা",1200,No,20 mins,4.9 / 5,"plastic surgery, burn, scar, aesthetic, hand surgery","প্লাস্টিক সার্জারি, পোড়া ক্ষত, দাগ দূর করা, কসমেটিক সার্জারি"
Surgery Department,সার্জারী বিভাগ,Prof. Dr. Mohammad Jamil Hossain,প্রফেসর ডা: মোহাম্মদ জামিল হোসেন,"FCPS (Surgery), MRCS (Edinburgh)","এফসিপিএস (সার্জারী), এমআরসিএস (এডিনবার্গ)",Surgery Specialist & Professor,সার্জারী বিশেষজ্ঞ ও অধ্যাপক,"Professor, Surgery Dept., Sher-e-Bangla Medical College & Hospital, Barisal.","অধ্যাপক, সার্জারী বিভাগ, শের-ই-বাংলা মেডিকেল কলেজ ও হাসপাতাল, বরিশাল।",Room Not Specified,7:30 PM - 9:00 PM (Closed Friday),সন্ধ্যা ৭.৩০ থেকে রাত ৯.০০ (শুক্রবার বন্ধ),1200,No,15 mins,4.9 / 5,"general surgery, operation, abdominal pain, lump","জেনারেল সার্জারি, অপারেশন, পেট ব্যথা, টিউমার"
Surgery Department,সার্জারী বিভাগ,Dr. Mitu Debnath,ডাঃ মিতু দেবনাথ,"FCPS (General Surgery), MS (Surgical Oncology), Training in Breast Surgery (AIIMS Delhi)","এফসিপিএস (জেনারেল সার্জারী), এমএস (সার্জিক্যাল অনকোলজি), ট্রেনিং ইন ব্রেষ্ট সার্জারী (AIIMS দিল্লি)","General & Breast Surgeon, Surgical Oncology","জেনারেল ও ব্রেষ্ট সার্জন, সার্জিক্যাল অনকোলজি বিশেষজ্ঞ","Assistant Professor, Sher-e-Bangla Medical College Hospital, Barisal","সহকারী অধ্যাপক, শের-ই-বাংলা মেডিকেল কলেজ হাসপাতাল, বরিশাল",Room No-405,Sunday to Thursday 5:00 PM - 7:00 PM,"প্রতি রবিবার থেকে বৃহস্পতিবার, বিকাল ৫:০০টা থেকে সন্ধ্যা ৭:০০টা",1000,No,15 mins,4.8 / 5,"breast lump, breast cancer, oncology, surgery, general surgery","ব্রেস্টলাম্প, স্তন ক্যান্সার, সার্জারি, অনকোলজি"
Surgery Department,সার্জারী বিভাগ,Dr. Joy Zakharia Rob,ডাঃ জয় জাখারিয়া রব,"MBBS (Dhaka), BCS (Health), FCPS (Surgery)","এমবিবিএস (ঢাকা), বিসিএস (স্বাস্থ্য), এফসিপিএস (সার্জারী)",Specialist Surgeon,বিশেষজ্ঞ সার্জন,"Assistant Professor (Surgery Dept.), Sher-e-Bangla Medical College & Hospital, Barisal.","সহকারী অধ্যাপক (সার্জারী বিভাগ), শের-ই-বাংলা মেডিকেল কলেজ ও হাসপাতাল, বরিশাল।",Room No-514,7:00 PM - 8:00 PM (Closed Friday),সন্ধ্যা ৭:০০টা থেকে রাত ৮:০০টা (শুক্রবার বন্ধ),1000,No,15 mins,4.8 / 5,"surgery, general surgery, hernia, appendicitis","সার্জারি, হার্নিয়া, এপেন্ডিসাইটিস, অপারেশন"
Surgery Department,সার্জারী বিভাগ,Dr. H M Mahbub Alam,ডাঃ এইচ এম মাহবুব আলম,"MBBS (DU), BCS (Health), FCPS (Surgery)","এমবিবিএস (ডিইউ), বিসিএস (স্বাস্থ্য), এফসিপিএস (সার্জারী)",General & Laparoscopic Surgeon,জেনারেল ও ল্যাপারস্কোপিক সার্জন,"Consultant Surgery, Dhaka Medical College Hospital.","কনসালটেন্ট সার্জারী, ঢাকা মেডিকেল কলেজ হাসপাতাল।",Room No-514,Thursday & Friday 4:00 PM - 8:00 PM,বৃহস্পতি ও শুক্রবার বিকাল ৪:০০টা থেকে রাত ৮:০০টা,1000,No,15 mins,4.8 / 5,"laparoscopic surgery, general surgery, gallstone","ল্যাপারস্কোপিক সার্জারি, পিত্তথলির পাথর, অপারেশন"
Neurology Department,নিউরোলজী বিভাগ,Prof. Dr. M. H. Shahriar Sabet,অধ্যাপক ডাঃ এম.এইচ. শাহরিয়ার সাবেত,"MBBS, FCPS, MD (America)","এমবিবিএস, এফসিপিএস, এমডি (আমেরিকা)","Neuro & Nerve Disease Specialist Surgeon (Brain, Spine, Nerve)","নিউরো ও স্নায়ু রোগ বিশেষজ্ঞ সার্জন (ব্রেইন, স্পাইন, নার্ভ)","Head of Dept. (Neuro Surgery), Gonoshasthaya Samaj Basis Medical & Hospital, Dhaka.","বিভাগীয় প্রধান (নিউরো সার্জারী), গণস্বাস্থ্য সমাজভিত্তিক মেডিকেল ও হাসপাতাল, ঢাকা।",Room No-302,"Thursday 6:00 PM - 10:00 PM, Friday & Saturday 11:00 AM - 4:00 PM","প্রতি বৃহস্পতিবার বিকাল ৬:০০টা থেকে ১০:০০টা, প্রতি শুক্র ও শনিবার সকাল ১১:০০টা থেকে বিকাল ৪:০০টা",1500,No,20 mins,4.9 / 5,"brain tumor, spine surgery, stroke, paralysis, headache, nerve problem","ব্রেন টিউমার, স্পাইন সার্জারি, স্ট্রোক, প্যারালাইসিস, মাথাব্যথা, স্নায়ু রোগ"
Neurology Department,নিউরোলজী বিভাগ,Dr. Rahatun Naim Maglin,ডাঃ রাহাতুন নাঈম ম্যাগলিন,"MBBS, BCS (Health), FCPS (Medicine), FCPS (Neurology)","এমবিবিএস, বিসিএস (স্বাস্থ্য), এফসিপিএস (মেডিসিন), এফসিপিএস (নিউরোলজি)",Neurologist & Medicine Specialist,নিউরোলজিস্ট এন্ড মেডিসিন বিশেষজ্ঞ,"Assistant Professor, National Institute of Neurosciences & Hospital, Dhaka","সহকারী অধ্যাপক, ন্যাশনাল ইনস্টিটিউট অব নিউরোসায়েন্সেস ও হাসপাতাল, ঢাকা",Room No-408,"Thursday 4:00 PM - 10:00 PM, Friday 9:00 AM - 4:00 PM","বৃহস্পতিবার বিকাল ৪:০০টা থেকে রাত ১০:০০টা, শুক্রবার সকাল ৯:০০টা থেকে বিকাল ৪:০০টা",1200,No,15 mins,4.8 / 5,"stroke, migraine, epilepsy, numbness, neurology, headache","স্ট্রোক, মাইগ্রেন, খিঁচুনি, হাত-পা অবশ, মাথাব্যথা, নিউরোলজি"
Neurology Department,নিউরোলজী বিভাগ,Dr. Tanjina Tarannum Dipu,ডাঃ তানজিনা তারান্নুম দিপু,"MBBS (SSMC, Dhaka), MSc (Cognitive & Clinical Neuroscience, Cambridge, ARU, UK)","এমবিবিএস (এসএসএমসি, ঢাকা), এমএসসি (কন্সেটিভ এন্ড নিক্যাল নিউরোসাইন্স, ক্যামব্রিজ, এআরইউ, যুক্তরাজ্য)",Neuro Medicine Specialist,নিউরো মেডিসিন বিশেষজ্ঞ,"Ex-Staff Clinic Consultant (Apollo Hospital, Dhaka)","এক্স স্টাফ ক্লিনিক কনসালটেন্ট (এ্যাপোলো হাসপাতাল, ঢাকা)",Room No-505,Daily 10:00 AM - 12:00 PM (Closed Thursday & Friday),প্রতিদিন সকাল ১০টা থেকে দুপুর ১২টা (বৃহস্পতি ও শুক্রবার বন্ধ),1000,Yes,15 mins,4.8 / 5,"memory loss, dementia, neuro medicine, headache","স্মৃতিশক্তি লোপ, ডিমেনশিয়া, নিউরো মেডিসিন, মাথাব্যথা"
Psychiatry Department,মানসিক বিভাগ,Dr. Md. Anwar Hossain,ডাঃ মোঃ আনোয়ার হোসেন,"MBBS (Dhaka), BCS (Health), MD (Psychiatry) BSMMU","এমবিবিএস (ঢাকা), বিসিএস (স্বাস্থ্য), এমডি (সাইকিয়াট্রি) বিএসএমএমইউ",Psychiatry Specialist,মানসিক রোগ বিশেষজ্ঞ,"Sher-e-Bangla Medical College Hospital, Barisal.","শের-ই-বাংলা মেডিকেল কলেজ হাসপাতাল, বরিশাল।",Room No-512,5:00 PM - 7:00 PM,বিকাল ৫:০০টা থেকে রাত ৭:০০টা,1000,Yes,20 mins,4.8 / 5,"depression, anxiety, mental health, stress, insomnia, psychiatry","ডিপ্রেশন, অবসাদ, মানসিক সমস্যা, অনিদ্রা, ভয়, সাইকিয়াট্রি"
Ophthalmology (Eye) Department,চক্ষু বিভাগ,Prof. Dr. Nasir Uddin,অধ্যাপক ডাঃ নাসির উদ্দিন,"MBBS (Dhaka), DO, DU, FCPS (Eye)","এমবিবিএস (ঢাকা), ডি ও ডি.ইউ, এফসিপিএস (চক্ষু)",Eye Specialist & Surgeon,চক্ষু বিশেষজ্ঞ ও সার্জন,"Professor & Head of Eye Dept. (Retd.), Sher-e-Bangla Medical College Hospital, Barisal.","অধ্যাপক ও বিভাগীয় প্রধান চক্ষু বিভাগ (প্রাক্তন), শের-ই-বাংলা মেডিকেল কলেজ হাসপাতাল, বরিশাল।",Room No-402,"10:00 AM - 1:00 PM, 7:00 PM - 9:00 PM, Fri 7:00 PM - 9:00 PM","সকাল ১০:০০টা থেকে দুপুর ১:০০টা, সন্ধ্যা ৭:০০টা থেকে রাত ৯:০০টা, শুক্রবার সন্ধ্যা ৭:০০টা থেকে রাত ৯:০০টা",1000,No,15 mins,4.9 / 5,"eye problem, cataract, vision blur, eye pain, ophthalmology","চোখের সমস্যা, ছানি, চোখে কম দেখা, চোখের ব্যথা, চক্ষু রোগ"
Ophthalmology (Eye) Department,চক্ষু বিভাগ,Dr. Jewel Elias Rob,ডাঃ জুয়েল ইলিয়াস রব,"MBBS (DU), BCS (Health), FCPS (Eye)","এমবিবিএস (ডিইউ), বিসিএস (স্বাস্থ্য), এফসিপিএস (চক্ষু)",Eye Specialist & Phaco Surgeon,চক্ষু বিশেষজ্ঞ ও ফ্যাকো সার্জন,"Assistant Professor (Eye), Sher-e-Bangla Medical College & Hospital, Barisal.","সহকারী অধ্যাপক (চক্ষু), শের-ই-বাংলা মেডিকেল কলেজ ও হাসপাতাল, বরিশাল।",Room No-306,"2:30 PM - 3:30 PM, 7:00 PM - 8:00 PM, Fri 10:00 AM - 12:00 PM","দুপুর ২:৩০টা থেকে বিকাল ৩:৩০টা, সন্ধ্যা ৭:০০টা থেকে রাত ৮:০০টা, শুক্রবার সকাল ১০টা থেকে দুপুর ১২টা",900,No,15 mins,4.8 / 5,"phaco surgery, cataract, eye checkup, vision problem","ফ্যাকো সার্জারি, চোখের ছানি, দৃষ্টি সমস্যা, চোখ পরীক্ষা"
Medicine Department,মেডিসিন বিভাগ,Prof. Dr. Golam Mahmud Selim,অধ্যাপক ডাঃ গোলাম মাহমুদ সেলিম,"MBBS, FCPS (Medicine); FACP (USA), FRCP (Glasgow), FRCP (Edinburgh)","এমবিবিএস, এফসিপিএস (মেডিসিন); এফএসিপি (ইউএসএ), এফআরসিপি (গ্লাসগো), এফআরসিপি (এডিনবার্গ)",Professor of Medicine,অধ্যাপক মেডিসিন,"Former Professor & Head of Medicine Dept., Sher-e-Bangla Medical College & Hospital, Barisal.","প্রাক্তন অধ্যাপক ও বিভাগীয় প্রধান মেডিসিন বিভাগ, শের-ই-বাংলা মেডিকেল কলেজ ও হাসপাতাল, বরিশাল।",Room No-212,"11:00 AM - 2:00 PM, 7:00 PM - 9:00 PM (Closed Thu & Fri)","সকাল ১১:০০টা থেকে দুপুর ২:০০টা, সন্ধ্যা ৭:০০টা থেকে রাত ৯:০০টা (বৃহস্পতি ও শুক্রবার বন্ধ)",1200,No,15 mins,4.9 / 5,"fever, weakness, general medicine, infection, high blood pressure","জ্বর, দুর্বলতা, সাধারণ জ্বর-সর্দি, উচ্চ রক্তচাপ, মেডিসিন"
Medicine Department,মেডিসিন বিভাগ,Dr. Naveed Noor,ডাঃ নাভিদ নূর,"MBBS (DMC), BCS (Health), FCPS (Medicine), MACP (America), CCD (BIRDEM)","এমবিবিএস (ডিএমসি), বিসিএস (স্বাস্থ্য), এফসিপিএস (মেডিসিন), এমএসিপি (আমেরিকা), সিসিডি (বারডেম)",Medicine & Diabetes Specialist,মেডিসিন ও ডায়াবেটিস বিশেষজ্ঞ,"Assistant Registrar (Medicine), Sher-e-Bangla Medical College Hospital, Barisal.","সহকারী রেজিস্ট্রার (মেডিসিন), শের-ই-বাংলা মেডিকেল কলেজ হাসপাতাল, বরিশাল।",Room No-509,"Sat-Wed 3-5 PM & 8-9 PM, Thu 3-10 PM, Fri 10 AM-1 PM & 3-10 PM","শনি থেকে বুধবার দুপুর ৩টা-বিকাল ৫টা এবং রাত ৮টা-রাত ৯টা, বৃহস্পতিবার বিকাল ৩টা থেকে রাত ১০টা, শুক্রবার সকাল ১০টা-দুপুর ১টা এবং বিকাল ৩টা-রাত ১০টা",1000,Yes,15 mins,4.9 / 5,"diabetes, sugar, high blood sugar, fever, medicine","ডায়াবেটিস, সুগার, শর্করা, জ্বর, মেডিসিন"
Medicine & Chest Department,মেডিসিন ও বক্ষব্যাধি বিভাগ,Dr. Masum Ahmed,ডাঃ মাছুম আহমেদ,"MBBS, FCPS (Medicine), MD (Chest)","এমবিবিএস, এফসিপিএস (মেডিসিন), এমডি (বক্ষব্যাধি)",Medicine & Chest Specialist,মেডিসিন ও বক্ষব্যাধি বিশেষজ্ঞ,"Assistant Professor & Head of Dept., Respiratory Medicine Dept., Sher-e-Bangla Medical College & Hospital, Barisal.","সহকারী অধ্যাপক ও বিভাগীয় প্রধান, রেসপিরেটারি মেডিসিন বিভাগ, শের-ই-বাংলা মেডিকেল কলেজ ও হাসপাতাল, বরিশাল।",Room No-303,7:30 PM - 10:30 PM (Closed Friday),সন্ধ্যা ৭:৩০টা থেকে রাত ১০:৩০টা (শুক্রবার বন্ধ),1000,No,15 mins,4.8 / 5,"asthma, cough, breathing trouble, chest infection, pneumonia, TB","হাঁপানি, শ্বাসকষ্ট, কাশি, বুকে কফ, নিউমোনিয়া, যক্ষ্মা, বক্ষব্যাধি"
Medicine & Chest Department,মেডিসিন ও বক্ষব্যাধি বিভাগ,Dr. Mahmudul Hasan Banna,ডাঃ মাহমুদুল হাসান বান্না,"MBBS (SSMC, Mitford), DTCD (BSMMU), FCCP (USA), CCD (BIRDEM), BCS (Health)","এমবিবিএস (এসএসএমসি, মিটফোর্ড), ডিটিসিডি (বিএসএমএমইউ), এফসিসিপি (আমেরিকা), সিসিডি (বারডেম), বিসিএস (স্বাস্থ্য)","Medicine, Chest & Diabetes Specialist","মেডিসিন, বক্ষব্যাধি ও ডায়াবেটিস বিশেষজ্ঞ","Assistant Professor, Sher-e-Bangla Medical College, Barisal.","সহকারী অধ্যাপক, শের-ই-বাংলা মেডিকেল কলেজ, বরিশাল।",Room No-406,4:30 PM - 10:00 PM (Closed Thu & Fri),বিকাল ৪:৩০টা থেকে রাত ১০:০০টা (বৃহস্পতি ও শুক্রবার বন্ধ),1000,No,15 mins,4.8 / 5,"asthma, diabetes, chest pain, cough, breathing problem","হাঁপানি, ডায়াবেটিস, বুকে ব্যথা, কাশি, শ্বাসকষ্ট"
Gynecology & Obstetrics Department,গাইনী বিভাগ,Dr. Tania Afroz,ডাঃ তানিয়া আফরোজ,"MBBS, BCS (Health), FCPS (Gynae & Obs)","এমবিবিএস, বিসিএস (স্বাস্থ্য), এফসিপিএস (গাইনী এন্ড অবস)",Gynecologist & Surgeon,মহিলা রোগ বিশেষজ্ঞ ও সার্জন,"Assistant Professor, Sher-e-Bangla Medical College & Hospital, Barisal.","সহকারী অধ্যাপক, শের-ই-বাংলা মেডিকেল কলেজ এন্ড হাসপাতাল, বরিশাল।",Room No-208,3:00 PM - 5:00 PM (Closed Friday),দুপুর ৩:০০ টা থেকে বিকাল ৫:০০ টা (শুক্রবার বন্ধ),1000,No,15 mins,4.8 / 5,"pregnancy, delivery, women disease, gynaecology, period problem","গর্ভাবস্থা, ডেলিভারি, নারীদের রোগ, জরায়ু সমস্যা, মাসিকের সমস্যা"
Gynecology & Obstetrics Department,গাইনী বিভাগ,Dr. Israt Jahan Shanto,ডাঃ ইসরাত জাহান শান্ত,"MBBS, BCS (Health), FCPS (Gynae)","এমবিবিএস, বিসিএস (স্বাস্থ্য), এফসিপিএস (গাইনী)","Gynecologist, Obstetrician & Infertility Specialist & Surgeon","স্ত্রী, প্রসূতি ও বন্ধ্যাত্ব রোগ বিশেষজ্ঞ ও সার্জন","Assistant Professor, Sher-e-Bangla Medical College Hospital, Barisal.","সহকারি অধ্যাপক, শের-ই-বাংলা মেডিকেল কলেজ হাসপাতাল, বরিশাল।",Room No-505,3:30 PM - 6:00 PM,বিকাল ৩.৩০টা থেকে সন্ধ্যা ৬.০০টা,1000,No,15 mins,4.9 / 5,"infertility, baby problem, pregnancy, women health, gynaecology","বন্ধ্যাত্ব, বাচ্চা না হওয়া, গর্ভাবস্থা, নারীদের রোগ, প্রসূতি"
Gynecology & Obstetrics Department,গাইনী বিভাগ,Dr. Razia Begum,ডাঃ রাজিয়া বেগম,"MBBS (Dhaka), DGO (BSMMU PC), DMU (Dhaka)","এমবিবিএস (ঢাকা), ডিজিও (বিএসএমএমইউ পিসি), ডিএমইউ (ঢাকা)",Gynecologist & Surgeon,স্ত্রীরোগ বিশেষজ্ঞ ও সার্জন,"MCH Center, Barisal.","মা ও শিশু কল্যাণ কেন্দ্র, বরিশাল।",Room No-507,"11:00 AM - 2:00 PM, 6:00 PM - 8:00 PM (Closed Friday)","সকাল ১১:০০ টা থেকে দুপুর ২:০০টা, সন্ধ্যা ৬:০০টা থেকে রাত ৮:০০টা (শুক্রবার বন্ধ)",800,No,15 mins,4.7 / 5,"women disease, pregnancy, sonogram, gynaecology","মহিলাদের রোগ, গর্ভকালীন পরীক্ষা, গাইনী"
Medicine & Gastroenterology Department,মেডিসিন ও গ্যাস্ট্রোলজী বিভাগ,Prof. Dr. আবুল কালাম আজাদ,অধ্যাপক ডাঃ আবুল কালাম আজাদ,"FCPS (Medicine); MD (Gastroenterology), FRCP (Edinburgh), FRCP (Glasgow), MACP","এফসিপিএস (মেডিসিন); এমডি (গ্যাস্ট্রোএন্টারোলজী), এফআরসিপি (এডিনবার্গ), এফআরসিপি (গ্লাসগো), এমএসিপি","Medicine, Digestive Tract & Liver Disease Specialist","মেডিসিন, পরিপাকতন্ত্র ও লিভার রোগ বিশেষজ্ঞ","Professor & Head of Dept. (Gastro) (Retd.), Sher-e-Bangla Medical College & Hospital, Barisal.","অধ্যাপক ও বিভাগীয় প্রধান (গ্যাস্ট্রোঃ) (অবঃ), শের-ই-বাংলা মেডিকেল কলেজ ও হাসপাতাল, বরিশাল।",Room No-309,"10:00 AM - 2:00 PM, 6:00 PM - 8:00 PM (Closed Friday)","সকাল ১০:০০টা থেকে দুপুর ২:০০টা, সন্ধ্যা ৬:০০টা থেকে রাত ৮:০০টা (শুক্রবার বন্ধ)",1200,No,20 mins,4.9 / 5,"liver disease, stomach pain, digestion problem, jaundice, gastroenterology","লিভার রোগ, জন্ডিস, পেটে ব্যথা, হজমের সমস্যা, পরিপাকতন্ত্র"
Medicine & Gastroenterology Department,মেডিসিন ও গ্যাস্ট্রোলজী বিভাগ,Dr. Moshiur Rahman,ডাঃ মশিউর রহমান,"MBBS (DMC), BCS (Health), MD (Gastroenterology) Dhaka Medical College, MACP (America)","এমবিবিএস (ঢামেক), বিসিএস (স্বাস্থ্য), এমডি (গ্যাস্ট্রোলজী) ঢাকা মেডিকেল কলেজ, এমএসিপি (আমেরিকা)",Clinical & Interventional Gastroenterologist,ক্লিনিকাল ও ইন্টারভেনশনাল গ্যাস্ট্রোএন্টারোলজিস্ট,"Sher-e-Bangla Medical College Hospital, Barisal.","শের-ই-বাংলা মেডিকেল কলেজ হাসপাতাল, বরিশাল।",Room No-129,"Sun, Tue, Wed, Thu 2:30 PM - 5:00 PM","রবি, মঙ্গল, বুধ ও বৃহস্পতিবার দুপুর ২.৩০ থেকে ৫.০০",1000,No,15 mins,4.8 / 5,"gastric, ulcer, liver problem, endoscopy, gastroenterology","গ্যাস্ট্রিক, আলসার, লিভারের সমস্যা, এন্ডোস্কপি, গ্যাস্ট্রোএন্টারোলজি"
Pediatrics (Child) Department,শিশু বিভাগ,Dr. Md. Abdul Hamid Sheikh,ডাঃ মোঃ আব্দুল হামিদ শেখ,"MBBS, DCH, D-Med (UK), M-Med (UK)","এমবিবিএস, ডিসিএইচ, ডি-মেড (ইউকে), এম-মেড (যুক্তরাজ্য)",Child Specialist,শিশু রোগ বিশেষজ্ঞ,"Assistant Professor, Pediatrics Dept. (Retd.), Sher-e-Bangla Medical College & Hospital, Barisal.","সহকারী অধ্যাপক, শিশু বিভাগ (অব:), শের-ই-বাংলা মেডিকেল কলেজ ও হাসপাতাল, বরিশাল।",Room No-205,"11 AM-2 PM, 7-9 PM, Fri 10 AM-1 PM & 7-9 PM","সকাল ১১টা থেকে দুপুর ২টা, সন্ধ্যা ৭টা থেকে রাত ৯টা ইত্যাদি",900,No,15 mins,4.8 / 5,"child fever, baby cold, newborn disease, pediatric","শিশুর জ্বর, সর্দি-কাশি, নবজাতকের রোগ, শিশু বিশেষজ্ঞ"
Pediatrics (Child) Department,শিশু বিভাগ,Prof. Dr. Md. Mujibur Rahman,অধ্যাপক ডাঃ মোঃ মজিবুর রহমান,"MBBS, BCS (Health), FCPS (Neonatology) MD (Child)","এমবিবিএস, বিসিএস (স্বাস্থ্য), এফসিপিএস (নিওনেটোলজী) এমডি (শিশু)","Newborn, Child & Adolescent Disease Specialist","নবজাতক, শিশু ও কিশোর রোগ বিশেষজ্ঞ","Principal & Professor, Pediatrics Dept., Sher-e-Bangla Medical College & Hospital, Barisal.","অধ্যক্ষ ও অধ্যাপক, শিশু বিভাগ, শের-ই-বাংলা মেডিকেল কলেজ ও হাসপাতাল, বরিশাল।",Room No-307,"3:30-5 PM, 7:30-9 PM, Fri 10 AM-12 PM & 6-8 PM","দুপুর ৩:৩০ থেকে ৫:০০, সন্ধ্যা ৭:৩০ থেকে ৯:০০ ইত্যাদি",1200,No,20 mins,4.9 / 5,"newborn baby care, child malnutrition, growth problem, child specialist","নবজাতক শিশু, শিশুর পুষ্টিহীনতা, শিশুর রোগ, শিশু বিশেষজ্ঞ"
Pediatric Surgery Department,শিশু সার্জারী বিভাগ,Dr. Dipankar Kumar Saha,ডাঃ দিপংকর কুমার সাহা,"MBBS (Dhaka), MS (Pediatric Surgery, BSMMU), DMMS, FMAS (Lap Surgery)","এমবিবিএস (ঢাকা), এমএস (শিশু সার্জারী, বিএসএমএমইউ), ডিএমএমএস, এফএমএএস (ল্যাপ সার্জারী)","Newborn, Child & Adolescent Surgery Specialist","নবজাতক, শিশু ও কিশোর সার্জারী বিশেষজ্ঞ","Assistant Professor, Pediatric Surgery Dept., Sher-e-Bangla Medical College, Barisal.","সহকারী অধ্যাপক, শিশু সার্জারী বিভাগ, শের-ই-বাংলা মেডিকেল কলেজ, বরিশাল।",Room No-502,5:00 PM - 9:00 PM (Closed Sun & Mon),বিকাল ৫:০০টা থেকে রাত ৯:০০টা (রবি ও সোমবার বন্ধ),1000,No,15 mins,4.8 / 5,"child surgery, newborn operation, pediatric surgery","শিশুদের অপারেশন, নবজাতকের সার্জারি, শিশু সার্জারি"
Rheumatology Department,রিউমাটোলজি বিভাগ,Dr. Md. Fahad Hossain,ডাঃ মোঃ ফাহাদ হোসেন,"MBBS, BCS (Health), MD (Rheumatology) Bangladesh Medical University (Ex-PG Hospital)","এমবিবিএস, বিসিএস (স্বাস্থ্য), এমডি (রিউমাটোলজি) বাংলাদেশ মেডিকেল বিশ্ববিদ্যালয় (এক্স-পিজি হাসপাতাল)",Rheumatology Specialist,রিউমাটোলজি বিশেষজ্ঞ,"Sher-e-Bangla Medical College Hospital, Barisal.","শের-ই-বাংলা মেডিকেল কলেজ হাসপাতাল, বরিশাল।",Room No-511,Sun-Thu 5:00 PM - 7:00 PM (Closed Fri & Sat),রবি থেকে বৃহস্পতিবার বিকাল ৫টা থেকে সন্ধ্যা ৭টা (শুক্রবার ও শনিবার বন্ধ),1000,No,15 mins,4.8 / 5,"joint pain, arthritis, rheumatism, gout, lupus","বাত, গেঁটেবাত, জয়েন্টে ব্যথা, রিউমাটোলজি, লিউ্পাস"
Palliative Medicine Department,প্যালিয়েটিভ মেডিসিন,Dr. Sabikun Nahar Urmi,ডাঃ সাবিকুন নাহার উর্মি,"MBBS (DMC), BCS (Health), MD (Palliative Medicine) (BMU)","এমবিবিএস (ঢামেক), বিসিএস (স্বাস্থ্য), এমডি (প্যালিয়েটিভ মেডিসিন) (বিএমইউ)","Complex, Chronic, Terminal Diseases & Medicine Specialist","জটিল, দীর্ঘস্থায়ী, অনিরাময় যোগ্য রোগ ও মেডিসিন বিশেষজ্ঞ","Resident Physician (Medicine), Sher-e-Bangla Medical College Hospital, Barisal.","আবাসিক ফিজিশিয়ান (মেডিসিন), শের-ই-বাংলা মেডিকেল কলেজ হাসপাতাল, বরিশাল।",Room No-507,Mon-Thu 5:00 PM - 7:00 PM,সোম থেকে বৃহস্পতিবার বিকাল ৫:০০ টা থেকে সন্ধ্যা ৭:০০ টা,800,Yes,20 mins,4.7 / 5,"chronic pain, terminal illness, complex disease, palliative care","জটিল রোগ, দীর্ঘস্থায়ী ব্যথা, প্যালিিয়েটিভ কেয়ার, অসহ্য যন্ত্রণা"
Cardiology Department,কার্ডিওলজী বিভাগ,Prof. Dr. Ronjit Kha,অধ্যাপক ডাঃ রনজিৎ খাঁ,"MBBS: MCPS (Medicine); M.D (Cardiology), FACC; FESC; FRCP (Edin)","এমবিবিএস: MCPS (Medicine); M.D (Cardiology), FACC; FESC; FRCP (Edin)",Cardiologist,কার্ডিওলজিস্ট,"Professor & Head of Dept., Cardiology Dept. (Retd.), Sher-e-Bangla Medical College & Hospital, Barisal.","অধ্যাপক ও বিভাগীয় প্রধান, কার্ডিওলজী বিভাগ (প্রাক্তন), শের-ই-বাংলা মেডিকেল কলেজ ও হাসপাতাল, বরিশাল।",Room No-301,11:00 AM - 1:00 PM (Closed Thu & Fri),সকাল ১১:০০ টা থেকে দুপুর ১:০০ টা (বৃহস্পতি ও শুক্রবার বন্ধ),1200,No,15 mins,4.9 / 5,"heart disease, chest pain, high blood pressure, cardiology","হৃদরোগ, বুকে ব্যথা, উচ্চ রক্তচাপ, হার্ট অ্যাটাক, কার্ডিওলজি"
Cardiology Department,কার্ডিওলজী বিভাগ,Prof. Dr. M. Saleh Uddin,অধ্যাপক ডাঃ এম সালেহ উদ্দিন,"MBBS, MCPS (Medicine), FIC (Singapore), MD (Cardiology), FICC, FCCP, FACC","এমবিবিএস, এমসিপিএস (মেডিসিন), এফআইসি (সিংগাপুর), এমডি (কার্ডিওলজী), এফআইসিসি, এফসিসিপি, এফএসিসি","Medicine, Heart, Hayfever & Hypertension Specialist","মেডিসিন, হৃদরোগ, নাকজ্বর ও উচ্চরক্তচাপ বিশেষজ্ঞ","Professor & Head of Dept., Cardiology Dept., Patuakhali Medical College & Hospital.","অধ্যাপক ও বিভাগীয় প্রধান, কার্ডিওলজী বিভাগ, পটুয়াখালী মেডিকেল কলেজ ও হাসপাতাল, পটুয়াখালী।",Room No-201,"7:00-9:00 PM, Thu 2:00-4:00 PM (Closed Fri)","সন্ধ্যা ৭:০০টা থেকে রাত ৯:০০টা, বৃহস্পতিবার দুপুর ২:০০টা থেকে বিকাল ৪:০০টা (শুক্রবার বন্ধ)",1200,No,15 mins,4.9 / 5,"heart disease, hypertension, allergy, hayfever, blood pressure","হৃদরোগ, উচ্চ রক্তচাপ, এলার্জি, নাক দিয়ে পানি পড়া, রক্তচাপ"
Cardiology Department,কার্ডিওলজী বিভাগ,Dr. Md. Mahmudul Hasan,ডাঃ মোঃ মাহামুদুল হাসান,"MBBS (Dhaka), BCS (Health), D-Card, FCPS (Medicine) FP, M ESC (Europe)","এমবিবিএস (ঢাকা), বিসিএস (স্বাস্থ্য), ডি-কার্ড (কার্ডিওলজি), এফসিপিএস (মেডিসিন) FP, M ESC (ইউরোপ)","Medicine, Heart, Hypertension & Rheumatic Fever Specialist","মেডিসিন, হৃদরোগ, উচ্চ রক্তচাপ ও বাতজ্বর বিশেষজ্ঞ","Assistant Professor, Cardiology Dept., Sher-e-Bangla Medical College Hospital, Barisal.","সহকারী অধ্যাপক, কার্ডিওলজি বিভাগ, শের-ই-বাংলা মেডিকেল কলেজ হাসপাতাল, বরিশাল।",Room No-512,Sat-Wed 4:00 PM - 8:00 PM (Closed Thu & Fri),শনি থেকে বুধ বিকাল ৪.০০টা থেকে রাত ৮.০০টা (বৃহস্পতি ও শুক্রবার বন্ধ),1000,No,15 mins,4.8 / 5,"rheumatic fever, heart pain, blood pressure, cardiology","বাতজ্বর, বুকে ব্যথা, উচ্চ রক্তচাপ, হৃদরোগ"
Cardiology Department,কার্ডিওলজী বিভাগ,Dr. Rohan Khan,ডাঃ রোহান খান,"MBBS; BCS (Health), CCD (BIRDEM); D-Card (BSMMU)","এমবিবিএস; বিসিএস (স্বাস্থ্য), সিসিডি (বারডেম); ডি-কার্ড (বিএসএমএমইউ)","Heart Disease, Rheumatic Fever, Diabetes & Hypertension Specialist","হৃদরোগ, বাতজ্বর, ডায়বেটিস ও উচ্চ রক্তচাপ বিশেষজ্ঞ","Sher-e-Bangla Medical College Hospital, Barisal. Ex-Consultant (Labaid Cardiac Hospital, Dhaka).","শের-ই-বাংলা মেডিকেল কলেজ হাসপাতাল, বরিশাল। প্রাক্তন কনসালটেন্ট (ল্যাবএইড কার্ডিয়াক হাসপাতাল, ঢাকা)।",Room No-301,2:30 PM - 7:00 PM,বিকাল ২:৩০টা থেকে সন্ধ্যা ৭:০০টা,1000,Yes,15 mins,4.8 / 5,"heart disease, diabetes, rheumatic fever, hypertension","হৃদরোগ, ডায়াবেটিস, বাতজ্বর, উচ্চ রক্তচাপ"
Cardiology Department,কার্ডিওলজী বিভাগ,Dr. Kaniz Fatema,ডাঃ কানিজ ফাতেমা,"MBBS (Dhaka), BCS (Health), DMU, D-Card (BMU)","এমবিবিএস (ঢাকা), বিসিএস (স্বাস্থ্য), ডিএমইউ, ডি-কার্ড (বিএমইউ)","Medicine, Heart, Rheumatic Fever & Hypertension Specialist","মেডিসিন, হৃদরোগ, বাতজ্বর ও উচ্চ রক্তচাপ বিশেষজ্ঞ","Medical Officer (CCU), Sher-e-Bangla Medical College & Hospital, Barisal. BMDC Reg: A-45917","মেডিকেল অফিসার (সিসিইউ), শের-ই-বাংলা মেডিকেল কলেজ ও হাসপাতাল, বরিশাল। বিএমডিসি রেজি: নং-এ-৪৫৯১৭",Room No-505,"Daily 4-8 PM, Fri 10 AM-1 PM & 4-8 PM","প্রতিদিন- বিকাল ৪.০০টা থেকে রাত ৮.০০ টা, শুক্রবার- সকাল ১০.০০টা থেকে দুপুর ১.০০টা ও বিকাল ৪.০০টা থেকে রাত ৮.০০ টা",900,Yes,15 mins,4.8 / 5,"heart disease, blood pressure, rheumatic fever, CCU","হৃদরোগ, উচ্চ রক্তচাপ, বাতজ্বর, সিসিইউ"
Cancer Department,ক্যান্সার বিভাগ,Dr. Md. Mohsin Howlader,ডাঃ মোঃ মহসীন হাওলাদার,"MBBS, FCPS","এমবিবিএস, এফসিপিএস",Cancer Specialist,ক্যান্সার বিশেষজ্ঞ,"Assistant Professor, Clinical Oncologist Dept., Sher-e-Bangla Medical College, Barisal.","সহকারী অধ্যাপক, ক্লিনিক্যাল অনকোলজিস্ট বিভাগ, শের-ই-বাংলা মেডিকেল কলেজ, বরিশাল।",Room No-403,4:00 PM - 6:00 PM (Closed Thu & Fri),বিকাল ৪:০০টা থেকে সন্ধ্যা ৬:০০টা (বৃহস্পতিবার ও শুক্রবার বন্ধ),1200,No,20 mins,4.8 / 5,"cancer, tumor, oncology, chemotherapy","ক্যান্সার, টিউমার, অনকোলজি, কেমোথেরাপি"
Cardiovascular Surgery Department,কার্ডিওভাস্কুলার বিভাগ,Dr. Md. Mehedi Hasan (Bappu),ডাঃ মোঃ মেহেদী হাসান (বাপ্পু),"MBBS (DU), BCS (Health), MS (Cardiovascular & Thoracic Surgery)","এমবিবিএস (ডিইউ), বিসিএস (স্বাস্থ্য), এমএস (কার্ডিওভাস্কুলার এন্ড থোরাসিক সার্জারি)","Heart, Blood Vessel, Chest Specialist & Surgeon","হার্ট, রক্তনালী, বক্ষব্যাধি বিশেষজ্ঞ ও সার্জন","Consultant, National Institute of Cardiovascular Diseases & Hospital, Dhaka","কনসালটেন্ট, জাতীয় হৃদরোগ ইনস্টিটিউট ও হাসপাতাল, ঢাকা",Room No-512,"Thu 4-10 PM, Fri 4-7 PM","বৃহস্পতিবার, বিকাল ৪:০০টা থেকে রাত ১০:০০টা,শুক্রবার, বিকাল ৪:০০টা থেকে সন্ধ্যা ৭:০০টা",1500,No,20 mins,4.9 / 5,"heart surgery, blood vessel, thoracic surgery, cardiovascular","হার্ট সার্জারি, রক্তনালীর রোগ, কার্ডিওভাসকুলার সার্জারি"